File,Run,Module,Name,
./VoIP-50ms_440B-0.sca,VoIP-50ms_440B-0-20160923-14:15:26-14706,SymScenerio.node[4].nic.mac1609_4,SentPackets,1229
./VoIP-50ms_440B-1.sca,VoIP-50ms_440B-1-20160923-14:15:39-14715,SymScenerio.node[4].nic.mac1609_4,SentPackets,1215
./VoIP-50ms_440B-2.sca,VoIP-50ms_440B-2-20160923-14:15:52-14720,SymScenerio.node[4].nic.mac1609_4,SentPackets,1221
./VoIP-50ms_440B-3.sca,VoIP-50ms_440B-3-20160923-14:16:05-14725,SymScenerio.node[4].nic.mac1609_4,SentPackets,1219
./VoIP-50ms_440B-4.sca,VoIP-50ms_440B-4-20160923-14:16:19-14729,SymScenerio.node[4].nic.mac1609_4,SentPackets,1221
./VoIP-50ms_440B-5.sca,VoIP-50ms_440B-5-20160923-14:16:32-14734,SymScenerio.node[4].nic.mac1609_4,SentPackets,1227
./VoIP-50ms_440B-6.sca,VoIP-50ms_440B-6-20160923-14:16:45-14740,SymScenerio.node[4].nic.mac1609_4,SentPackets,1211
./VoIP-50ms_440B-7.sca,VoIP-50ms_440B-7-20160923-14:16:58-14744,SymScenerio.node[4].nic.mac1609_4,SentPackets,1215
./VoIP-50ms_440B-8.sca,VoIP-50ms_440B-8-20160923-14:17:12-14751,SymScenerio.node[4].nic.mac1609_4,SentPackets,1215
./VoIP-50ms_440B-9.sca,VoIP-50ms_440B-9-20160923-14:17:25-14756,SymScenerio.node[4].nic.mac1609_4,SentPackets,1213
